words,pos,lemmatized word,stemmed word,meaning
y,(),y,y," Y, the twenty-fifth letter of the English alphabet, at the beginning of a word or syllable, except when a prefix (see Y-, is usually a fricative vocal consonant; as a prefix, and usually in the middle or at the end of a syllable, it is a vowel. See Guide to Pronunciation, // 145, 178-9, 272."
y''s,(pl. ),y''s,y'', of Y
ys,(pl. ),y,ys, of Y
y,(n.),y,y, Something shaped like the letter Y; a forked piece resembling in form the letter Y.
y,(n.),y,y," One of the forked holders for supporting the telescope of a leveling instrument, or the axis of a theodolite; a wye."
y,(n.),y,y, A forked or bifurcated pipe fitting.
y,(n.),y,y, A portion of track consisting of two diverging tracks connected by a cross track.
y,(pron.),y,y, I.
y-,(),y-,y-, Alt. of I-
y-,(),y-,y-," A prefix of obscure meaning, originally used with verbs, adverbs, adjectives, nouns, and pronouns. In the Middle English period, it was little employed except with verbs, being chiefly used with past participles, though occasionally with the infinitive Ycleped, or yclept, is perhaps the only word not entirely obsolete which shows this use."
ya,(adv.),ya,ya, Yea.
yacare,(n.),yacare,yacar," A South American crocodilian (Jacare sclerops resembling the alligator in size and habits. The eye orbits are connected together, and surrounded by prominent bony ridges. Called also spectacled alligator, and spectacled cayman."
yacca,(n.),yacca,yacca," A West Indian name for two large timber trees (Podocarpus coriaceus, and P. Purdicanus of the Yew family. The wood, which is much used, is pale brownish with darker streaks."
yacht,(n.),yacht,yacht," A light and elegantly furnished vessel, used either for private parties of pleasure, or as a vessel of state to convey distinguished persons from one place to another; a seagoing vessel used only for pleasure trips, racing, etc."
yacht,(v. i.),yacht,yacht, To manage a yacht; to voyage in a yacht.
yachter,(n.),yachter,yachter, One engaged in sailing a jacht.
yachting,(n.),yachting,yacht, Sailing for pleasure in a yacht.
yachtman,(n.),yachtman,yachtman, See Yachtsman.
yachtsmen,(pl. ),yachtsman,yachtsmen, of Yachtsman
yachtsman,(n.),yachtsman,yachtsman, One who owns or sails a yacht; a yachter.
yaf,(imp.),yaf,yaf, Gave. See Give.
yaffingale,(n.),yaffingale,yaffingal, The yaffle.
yaffle,(n.),yaffle,yaffl," The European green woodpecker (Picus, / Genius, viridis. It is noted for its loud laughlike note. Called also eccle, hewhole, highhoe, laughing bird, popinjay, rain bird, yaffil, yaffler, yaffingale, yappingale, yackel, and woodhack."
yager,(n.),yager,yager," In the German army, one belonging to a body of light infantry armed with rifles, resembling the chasseur of the French army."
yaguarundi,(n.),yaguarundi,yaguarundi, Same as Jaguarondi.
yajur-veda,(n.),yajur-veda,yajur-veda, See Veda.
yak,(n.),yak,yak," A bovine mammal (Poephagus grunnies native of the high plains of Central Asia. Its neck, the outer side of its legs, and its flanks, are covered with long, flowing, fine hair. Its tail is long and bushy, often white, and is valued as an ornament and for other purposes in India and China. There are several domesticated varieties, some of which lack the mane and the long hair on the flanks. Called also chauri gua, grunting cow, grunting ox, sarlac, sarlik, and sarluc."
yakamilk,(n.),yakamilk,yakamilk," See Trumpeter, 3 (a."
yakare,(n.),yakare,yakar, Same as Yacare.
yakin,(n.),yakin,yakin," A large Asiatic antelope (Budorcas taxicolor native of the higher parts of the Himalayas and other lofty mountains. Its head and neck resemble those of the ox, and its tail is like that of the goat. Called also budorcas."
yakoots,(n. pl.),yakoots,yakoot," (Ethnol. A nomadic Mongolian tribe native of Northern Siberia, and supposed to be of Turkish stock. They are mainly pastoral in their habits."
yaksha,(n.),yaksha,yaksha," A kind of demigod attendant on Kuvera, the god of wealth."
yalah,(n.),yalah,yalah, The oil of the mahwa tree.
yam,(n.),yam,yam," A large, esculent, farinaceous tuber of various climbing plants of the genus Dioscorea; also, the plants themselves. Mostly natives of warm climates. The plants have netted-veined, petioled leaves, and pods with three broad wings. The commonest species is D. sativa, but several others are cultivated."
yama,(n.),yama,yama," The king of the infernal regions, corresponding to the Greek Pluto, and also the judge of departed souls. In later times he is more exclusively considered the dire judge of all, and the tormentor of the wicked. He is represented as of a green color, with red garments, having a crown on his head, his eyes inflamed, and sitting on a buffalo, with a club and noose in his hands."
yamma,(n.),yamma,yamma, The llama.
yamp,(n.),yamp,yamp," An umbelliferous plant (Carum Gairdneri; also, its small fleshy roots, which are eaten by the Indians from Idaho to California."
yang,(n.),yang,yang, The cry of the wild goose; a honk.
yang,(v. i.),yang,yang, To make the cry of the wild goose.
yank,(n.),yank,yank, A jerk or twitch.
yanked,(imp. & p. p.),yanked,yank, of Yank
yanking,(p. pr. & vb. n.),yanking,yank, of Yank
yank,(v. t.),yank,yank, To twitch; to jerk.
yank,(n.),yank,yank, An abbreviation of Yankee.
yankee,(n.),yankee,yanke," A nickname for a native or citizen of New England, especially one descended from old New England stock; by extension, an inhabitant of the Northern States as distinguished from a Southerner; also, applied sometimes by foreigners to any inhabitant of the United States."
yankee,(a.),yankee,yanke, Of or pertaining to a Yankee; characteristic of the Yankees.
yankee-doodle,(n.),yankee-doodle,yankee-doodl, The name of a tune adopted popularly as one of the national airs of the United States.
yankee-doodle,(n.),yankee-doodle,yankee-doodl," Humorously, a Yankee."
yankeeism,(n.),yankeeism,yankeeism," A Yankee idiom, word, custom, or the like."
yaourt,(n.),yaourt,yaourt," A fermented drink, or milk beer, made by the Turks."
yap,(v. i.),yap,yap, To bark; to yelp.
yap,(n.),yap,yap, A bark; a yelp.
yapock,(n.),yapock,yapock," A South American aquatic opossum (Chironectes variegatus found in Guiana and Brazil. Its hind feet are webbed, and its fore feet do not have an opposable thumb for climbing. Called also water opossum."
yapon,(n.),yapon,yapon, Same as Yaupon.
yarage,(a.),yarage,yarag," The power of moving, or being managed, at sea; -- said with reference to a ship."
yard,(v. i.),yard,yard, A rod; a stick; a staff.
yard,(v. i.),yard,yard, A branch; a twig.
yard,(v. i.),yard,yard," A long piece of timber, as a rafter, etc."
yard,(v. i.),yard,yard," A measure of length, equaling three feet, or thirty-six inches, being the standard of English and American measure."
yard,(v. i.),yard,yard, The penis.
yard,(v. i.),yard,yard," A long piece of timber, nearly cylindrical, tapering toward the ends, and designed to support and extend a square sail. A yard is usually hung by the center to the mast. See Illust. of Ship."
yard,(n.),yard,yard," An inclosure; usually, a small inclosed place in front of, or around, a house or barn; as, a courtyard; a cowyard; a barnyard."
yard,(n.),yard,yard," An inclosure within which any work or business is carried on; as, a dockyard; a shipyard."
yard,(v. t.),yard,yard," To confine (cattle to the yard; to shut up, or keep, in a yard; as, to yard cows."
yardarm,(n.),yardarm,yardarm," Either half of a square-rigged vessel's yard, from the center or mast to the end."
yardfuls,(pl. ),yardfuls,yard, of Yardful
yardful,(n.),yardful,yard, As much as a yard will contain; enough to fill a yard.
yardland,(n.),yardland,yardland," A measure of land of uncertain quantity, varying from fifteen to forty acres; a virgate."
yardstick,(n.),yardstick,yardstick," A stick three feet, or a yard, in length, used as a measure of cloth, etc."
yardwand,(n.),yardwand,yardwand, A yardstick.
yare,(n.),yare,yare, Ready; dexterous; eager; lively; quick to move.
yare,(adv.),yare,yare, Soon.
yarely,(adv.),yarely,yare, In a yare manner.
yark,(v. t. & i.),yark,yark, To yerk.
yarke,(n.),yarke,yark, Same as Saki.
yarn,(n.),yarn,yarn," Spun wool; woolen thread; also, thread of other material, as of cotton, flax, hemp, or silk; material spun and prepared for use in weaving, knitting, manufacturing sewing thread, or the like."
yarn,(n.),yarn,yarn, One of the threads of which the strands of a rope are composed.
yarn,(n.),yarn,yarn," A story told by a sailor for the amusement of his companions; a story or tale; as, to spin a yarn."
yarnen,(a.),yarnen,yarnen, Made of yarn; consisting of yarn.
yarnut,(n.),yarnut,yarnut, See Yernut.
yarr,(v. i.),yarr,yarr, To growl or snarl as a dog.
yarrish,(a.),yarrish,yarrish," Having a rough, dry taste."
yarrow,(n.),yarrow,yarrow," An American and European composite plant (Achillea Millefolium with very finely dissected leaves and small white corymbed flowers. It has a strong, and somewhat aromatic, odor and taste, and is sometimes used in making beer, or is dried for smoking. Called also milfoil, and nosebleed."
yarwhip,(n.),yarwhip,yarwhip," The European bar-tailed godwit; -- called also yardkeep, and yarwhelp. See Godwit."
yataghan,(n.),yataghan,yataghan," A long knife, or short saber, common among Mohammedan nations, usually having a double curve, sometimes nearly straight."
yate,(n.),yate,yate, A gate. See 1st Gate.
yaud,(n.),yaud,yaud, See Yawd.
yaul,(n.),yaul,yaul, See Yawl.
yaulp,(v. i.),yaulp,yaulp, To yaup.
yaup,(v. i.),yaup,yaup, To cry out like a child; to yelp.
yaup,(n.),yaup,yaup," A cry of distress, rage, or the like, as the cry of a sickly bird, or of a child in pain."
yaup,(n.),yaup,yaup, The blue titmouse.
yauper,(n.),yauper,yauper," One who, or that which, yaups."
yaupon,(n.),yaupon,yaupon," A shrub (Ilex Cassine of the Holly family, native from Virginia to Florida. The smooth elliptical leaves are used as a substitute for tea, and were formerly used in preparing the black drink of the Indians of North Carolina. Called also South-Sea tea."
yawed,(imp. & p. p.),yawed,yaw, of Yaw
yawing,(p. pr. & vb. n.),yawing,yaw, of Yaw
yaw,(v. i.),yaw,yaw," To rise in blisters, breaking in white froth, as cane juice in the clarifiers in sugar works."
yaw,(v. i. & t.),yaw,yaw," To steer wild, or out of the line of her course; to deviate from her course, as when struck by a heavy sea; -- said of a ship."
yaw,(n.),yaw,yaw, A movement of a vessel by which she temporarily alters her course; a deviation from a straight course in steering.
yawd,(n.),yawd,yawd, A jade; an old horse or mare.
yawl,(n.),yawl,yawl," A small ship's boat, usually rowed by four or six oars."
yawl,(v. i.),yawl,yawl, To cry out like a dog or cat; to howl; to yell.
yawl-rigged,(a.),yawl-rigged,yawl-rig," Having two masts with fore-and-aft sails, but differing from a schooner in that the after mast is very small, and stepped as far aft as possible. See Illustration in Appendix."
yawned,(imp. & p. p.),yawned,yawn, of Yawn
yawning,(p. pr. & vb. n.),yawning,yawn, of Yawn
yawn,(v. i.),yawn,yawn," To open the mouth involuntarily through drowsiness, dullness, or fatigue; to gape; to oscitate."
yawn,(v. i.),yawn,yawn," To open wide; to gape, as if to allow the entrance or exit of anything."
yawn,(v. i.),yawn,yawn," To open the mouth, or to gape, through surprise or bewilderment."
yawn,(v. i.),yawn,yawn," To be eager; to desire to swallow anything; to express desire by yawning; as, to yawn for fat livings."
yawn,(n.),yawn,yawn," An involuntary act, excited by drowsiness, etc., consisting of a deep and long inspiration following several successive attempts at inspiration, the mouth, fauces, etc., being wide open."
yawn,(n.),yawn,yawn," The act of opening wide, or of gaping."
yawn,(n.),yawn,yawn," A chasm, mouth, or passageway."
yawningly,(adv.),yawningly,yawningli, In a yawning manner.
yawp,(v. & n.),yawp,yawp, See Yaup.
yaws,(n.),yaw,yaw," A disease, occurring in the Antilles and in Africa, characterized by yellowish or reddish tumors, of a contagious character, which, in shape and appearance, often resemble currants, strawberries, or raspberries. There are several varieties of this disease, variously known as framboesia, pian, verrugas, and crab-yaws."
yaw-weed,(n.),yaw-weed,yaw-we," A low, shrubby, rubiaceous plant (Morinda Royoc growing along the seacoast of the West Indies. It has small, white, odorous flowers."
ybe,(p. p.),ybe,ybe, Been.
ycleped,(p. p.),ycleped,yclepe," Called; named; -- obsolete, except in archaic or humorous writings."
ydo,(p. p.),ydo,ydo, Done.
ydrad,(p. p.),ydrad,ydrad, Dreaded.
ye,(),ye,ye, Alt. of Ye
ye,(),ye,ye," an old method of printing the article the (AS. /e, the ""y"" being used in place of the Anglo-Saxon thorn (/. It is sometimes incorrectly pronounced ye. See The, and Thorn, n., 4."
yen,(pl. ),yen,yen, of Ye
ye,(n.),ye,ye, An eye.
ye,(pron.),ye,ye, The plural of the pronoun of the second person in the nominative case.
ye,(adv.),ye,ye, Yea; yes.
yea,(adv.),yea,yea," Yes; ay; a word expressing assent, or an affirmative, or an affirmative answer to a question, now superseded by yes. See Yes."
yea,(adv.),yea,yea," More than this; not only so, but; -- used to mark the addition of a more specific or more emphatic clause. Cf. Nay, adv., 2."
yea,(n.),yea,yea," An affirmative vote; one who votes in the affirmative; as, a vote by yeas and nays."
yead,(v. i.),yead,yead," Properly, a variant of the defective imperfect yode, but sometimes mistaken for a present. See the Note under Yede."
yeaned,(imp. & p. p.),yeaned,yean, of Yean
yeaning,(p. pr. & vb. n.),yeaning,yean, of Yean
yean,(v. t. & i.),yean,yean," To bring forth young, as a goat or a sheep; to ean."
yeanling,(n.),yeanling,yeanl, A lamb or a kid; an eanling.
year,(n.),year,year," The time of the apparent revolution of the sun trough the ecliptic; the period occupied by the earth in making its revolution around the sun, called the astronomical year; also, a period more or less nearly agreeing with this, adopted by various nations as a measure of time, and called the civil year; as, the common lunar year of 354 days, still in use among the Mohammedans; the year of 360 days, etc. In common usage, the year consists of 365 days, and every fourth year (called bissextile, or leap year of 366 days, a day being added to February on that year, on account of the excess above 365 days (see Bissextile."
year,(n.),year,year," The time in which any planet completes a revolution about the sun; as, the year of Jupiter or of Saturn."
year,(n.),year,year," Age, or old age; as, a man in years."
yeara,(n.),yeara,yeara," The California poison oak (Rhus diversiloba. See under Poison, a."
yearbook,(n.),yearbook,yearbook," A book published yearly; any annual report or summary of the statistics or facts of a year, designed to be used as a reference book; as, the Congregational Yearbook."
yearbook,(n.),yearbook,yearbook, A book containing annual reports of cases adjudged in the courts of England.
yeared,(a.),yeared,year, Containing years; having existed or continued many years; aged.
yearling,(n.),yearling,yearl," An animal one year old, or in the second year of its age; -- applied chiefly to cattle, sheep, and horses."
yearling,(a.),yearling,yearl, Being a year old.
yearly,(a.),yearly,yearli," Happening, accruing, or coming every year; annual; as, a yearly income; a yearly feast."
yearly,(a.),yearly,yearli," Lasting a year; as, a yearly plant."
yearly,(a.),yearly,yearli," Accomplished in a year; as, the yearly circuit, or revolution, of the earth."
yearly,(adv.),yearly,yearli," Annually; once a year to year; as, blessings yearly bestowed."
yearned,(imp. & p. p.),yearned,yearn, of Yearn
yearning,(p. pr. & vb. n.),yearning,yearn, of Yearn
yearn,(v. t.),yearn,yearn, To pain; to grieve; to vex.
yearn,(v. i.),yearn,yearn, To be pained or distressed; to grieve; to mourn.
yearn,(v. i. & t.),yearn,yearn," To curdle, as milk."
yearn,(v. i.),yearn,yearn," To be filled with longing desire; to be harassed or rendered uneasy with longing, or feeling the want of a thing; to strain with emotions of affection or tenderness; to long; to be eager."
yearnful,(a.),yearnful,yearn, Desirous.
yearningly,(adv.),yearningly,yearningli, With yearning.
yearnings,(n. pl.),yearning,yearn," The maws, or stomachs, of young calves, used as a rennet for curdling milk."
yearth,(n.),yearth,yearth, The earth.
yeast,(n.),yeast,yeast," The foam, or troth (top yeast, or the sediment (bottom yeast, of beer or other in fermentation, which contains the yeast plant or its spores, and under certain conditions produces fermentation in saccharine or farinaceous substances; a preparation used for raising dough for bread or cakes, and making it light and puffy; barm; ferment."
yeast,(n.),yeast,yeast," Spume, or foam, of water."
yeast,(n.),yeast,yeast," A form of fungus which grows as indvidual rounded cells, rather than in a mycelium, and reproduces by budding; esp. members of the orders Endomycetales and Moniliales. Some fungi may grow both as a yeast or as a mycelium, depending on the conditions of growth."
yeast-bitten,(a.),yeast-bitten,yeast-bitten, A term used of beer when the froth of the yeast has reentered the body of the beer.
yeastiness,(n.),yeastiness,yeasti," The quality or state of being yeasty, or frothy."
yeasty,(a.),yeasty,yeasti," Frothy; foamy; spumy, like yeast."
yedding,(n.),yedding,yed," The song of a minstrel; hence, any song."
yede,(imp.),yede,yede, Went. See Yode.
yeel,(n.),yeel,yeel, An eel.
yeldhall,(n.),yeldhall,yeldhal, Guildhall.
yeldrin,(n.),yeldrin,yeldrin, Alt. of Yeldrine
yeldrine,(n.),yeldrine,yeldrin," The yellow-hammer; -- called also yeldrock, and yoldrin."
yelk,(n.),yelk,yelk, Same as Yolk.
yelled,(imp. & p. p.),yelled,yell, of Yell
yelling,(p. pr. & vb. n.),yelling,yell, of Yell
yell,(v. i.),yell,yell," To cry out, or shriek, with a hideous noise; to cry or scream as with agony or horror."
yell,(v. t.),yell,yell, To utter or declare with a yell; to proclaim in a loud tone.
yell,(n.),yell,yell," A sharp, loud, hideous outcry."
yellow,(superl.),yellow,yellow," Being of a bright saffronlike color; of the color of gold or brass; having the hue of that part of the rainbow, or of the solar spectrum, which is between the orange and the green."
yellow,(n.),yellow,yellow," A bright golden color, reflecting more light than any other except white; the color of that part of the spectrum which is between the orange and green."
yellow,(n.),yellow,yellow, A yellow pigment.
yellowed,(imp. & p. p.),yellowed,yellow, of Yellow
yellowing,(p. pr. & vb. n.),yellowing,yellow, of Yellow
yellow,(v. t.),yellow,yellow, To make yellow; to cause to have a yellow tinge or color; to dye yellow.
yellow,(v. i.),yellow,yellow, To become yellow or yellower.
yellowammer,(n.),yellowammer,yellowamm, See Yellow-hammer.
yellowbill,(n.),yellowbill,yellowbil, The American scoter.
yellowbird,(n.),yellowbird,yellowbird," The American goldfinch, or thistle bird. See Goldfinch."
yellowbird,(n.),yellowbird,yellowbird," The common yellow warbler; -- called also summer yellowbird. See Illust. of Yellow warbler, under Yellow, a."
yellow-covered,(a.),yellow-covered,yellow-cov, Covered or bound in yellow paper.
yellow-eyed,(a.),yellow-eyed,yellow-ey, Having yellow eyes.
yellowfin,(n.),yellowfin,yellowfin, A large squeteague.
yellowfish,(n.),yellowfish,yellowfish," A rock trout (Pleurogrammus monopterygius found on the coast of Alaska; -- called also striped fish, and Atka mackerel."
yellow-golds,(n.),yellow-golds,yellow-gold," A certain plant, probably the yellow oxeye."
yellowhammer,(n.),yellowhammer,yellowhamm," A common European finch (Emberiza citrinella. The color of the male is bright yellow on the breast, neck, and sides of the head, with the back yellow and brown, and the top of the head and the tail quills blackish. Called also yellow bunting, scribbling lark, and writing lark."
yellowhammer,(n.),yellowhammer,yellowhamm, The flicker.
yellowing,(n.),yellowing,yellow, The act or process of making yellow.
yellowish,(a.),yellowish,yellowish," Somewhat yellow; as, amber is of a yellowish color."
yellowlegs,(n.),yellowlegs,yellowleg," Any one of several species of long-legged sandpipers of the genus Totanus, in which the legs are bright yellow; -- called also stone snipe, tattler, telltale, yellowshanks; and yellowshins. See Tattler, 2."
yellowness,(n.),yellowness,yellow," The quality or state of being yellow; as, the yellowness of an orange."
yellowness,(n.),yellowness,yellow, Jealousy.
yellowroot,(n.),yellowroot,yellowroot, Any one of several plants with yellow roots.
yellowroot,(n.),yellowroot,yellowroot, See Xanthorhiza.
yellowroot,(n.),yellowroot,yellowroot, Same as Orangeroot.
yellows,(n.),yellow,yellow," A disease of the bile in horses, cattle, and sheep, causing yellowness of the eyes; jaundice."
yellows,(n.),yellow,yellow," A disease of plants, esp. of peach trees, in which the leaves turn to a yellowish color; jeterus."
yellows,(n.),yellow,yellow," A group of butterflies in which the predominating color is yellow. It includes the common small yellow butterflies. Called also redhorns, and sulphurs. See Sulphur."
yellowseed,(n.),yellowseed,yellowse, A kind of pepper grass (Lepidium campestre.
yellowshanks,(n.),yellowshanks,yellowshank, Alt. of Yellowshins
yellowshins,(n.),yellowshins,yellowshin, See Yellolegs.
yellowtail,(n.),yellowtail,yellowtail," Any one of several species of marine carangoid fishes of the genus Seriola; especially, the large California species (S. dorsalis which sometimes weighs thirty or forty pounds, and is highly esteemed as a food fish; -- called also cavasina, and white salmon."
yellowtail,(n.),yellowtail,yellowtail," The mademoiselle, or silver perch."
yellowtail,(n.),yellowtail,yellowtail, The menhaden.
yellowtail,(n.),yellowtail,yellowtail," The runner, 12."
yellowtail,(n.),yellowtail,yellowtail, A California rockfish (Sebastodes flavidus.
yellowtail,(n.),yellowtail,yellowtail, The sailor's choice (Diplodus rhomboides.
yellowthroat,(n.),yellowthroat,yellowthroat," Any one of several species of American ground warblers of the genus Geothlypis, esp. the Maryland yellowthroat (G. trichas, which is a very common species."
yellowtop,(n.),yellowtop,yellowtop," A kind of grass, perhaps a species of Agrostis."
yellowwood,(n.),yellowwood,yellowwood," The wood of any one of several different kinds of trees; also, any one of the trees themselves. Among the trees so called are the Cladrastis tinctoria, an American leguminous tree; the several species of prickly ash (Xanthoxylum; the Australian Flindersia Oxleyana, a tree related to the mahogany; certain South African species of Podocarpus, trees related to the yew; the East Indian Podocarpus latifolia; and the true satinwood (Chloroxylon Swietenia. All these Old World trees furnish valuable timber."
yellowwort,(n.),yellowwort,yellowwort," A European yellow-flowered, gentianaceous (Chlora perfoliata. The whole plant is intensely bitter, and is sometimes used as a tonic, and also in dyeing yellow."
yelped,(imp. & p. p.),yelped,yelp, of Yelp
yelping,(p. pr. & vb. n.),yelping,yelp, of Yelp
yelp,(v. i.),yelp,yelp, To boast.
yelp,(v. i.),yelp,yelp," To utter a sharp, quick cry, as a hound; to bark shrilly with eagerness, pain, or fear; to yaup."
yelp,(n.),yelp,yelp," A sharp, quick cry; a bark."
yelper,(n.),yelper,yelper," An animal that yelps, or makes a yelping noise."
yelper,(n.),yelper,yelper," The avocet; -- so called from its sharp, shrill cry."
yelper,(n.),yelper,yelper, The tattler.
yeman,(n.),yeman,yeman, A yeoman.
yen,(n.),yen,yen," The unit of value and account in Japan. Since Japan's adoption of the gold standard, in 1897, the value of the yen has been about 50 cents. The yen is equal to 100 sen."
yend,(v. t.),yend,yend, To throw; to cast.
yenite,(n.),yenite,yenit, A silicate of iron and lime occurring in black prismatic crystals; -- also called ilvaite.
yeomen,(pl. ),yeoman,yeomen, of Yeoman
yeoman,(n.),yeoman,yeoman," A common man, or one of the commonly of the first or most respectable class; a freeholder; a man free born."
yeoman,(n.),yeoman,yeoman, A servant; a retainer.
yeoman,(n.),yeoman,yeoman," A yeoman of the guard; also, a member of the yeomanry cavalry."
yeoman,(n.),yeoman,yeoman," An interior officer under the boatswain, gunner, or carpenters, charged with the stowage, account, and distribution of the stores."
yeomanlike,(a.),yeomanlike,yeomanlik," Resembling, or suitable to, a yeoman; yeomanly."
yeomanly,(a.),yeomanly,yeomanli," Pertaining to a yeoman; becoming or suitable to, a yeoman; yeomanlike."
yeomanry,(n.),yeomanry,yeomanri, The position or rank of a yeoman.
yeomanry,(n.),yeomanry,yeomanri," The collective body of yeomen, or freeholders."
yeomanry,(n.),yeomanry,yeomanri, The yeomanry cavalry.
yeorling,(n.),yeorling,yeorl, The European yellow-hammer.
yer,(prep.),yer,yer, Ere; before.
yerba,(n.),yerba,yerba, An herb; a plant.
yerd,(n.),yerd,yerd, See 1st & 2d Yard.
yerked,(imp. & p. p.),yerked,yerk, of Yerk
yerking,(p. pr. & vb. n.),yerking,yerk, of Yerk
yerk,(v. t.),yerk,yerk," To throw or thrust with a sudden, smart movement; to kick or strike suddenly; to jerk."
yerk,(v. t.),yerk,yerk, To strike or lash with a whip.
yerk,(v. i.),yerk,yerk, To throw out the heels; to kick; to jerk.
yerk,(v. i.),yerk,yerk," To move a quick, jerking motion."
yerk,(n.),yerk,yerk, A sudden or quick thrust or motion; a jerk.
yern,(v. i.),yern,yern, See 3d Yearn.
yern,(a.),yern,yern, Eager; brisk; quick; active.
yerne,(a.),yerne,yern, Eagerly; briskly; quickly.
yernut,(n.),yernut,yernut," An earthnut, or groundnut. See Groundnut (d."
yerst,(adv.),yerst,yerst, See Erst.
yes,(adv.),yes,ye, Ay; yea; -- a word which expresses affirmation or consent; -- opposed to no.
yest,(n.),yest,yest, See Yeast.
yester,(a.),yester,yester, Last; last past; next before; of or pertaining to yesterday.
yesterday,(n.),yesterday,yesterday, The day last past; the day next before the present.
yesterday,(n.),yesterday,yesterday, Fig.: A recent time; time not long past.
yesterday,(adv.),yesterday,yesterday," On the day last past; on the day preceding to-day; as, the affair took place yesterday."
yestereve,(n.),yestereve,yesterev, Alt. of Yester-evening
yester-evening,(n.),yester-evening,yester-even, The evening of yesterday; the evening last past.
yestermorn,(n.),yestermorn,yestermorn, Alt. of Yester-morning
yester-morning,(n.),yester-morning,yester-morn, The morning of yesterday.
yestern,(a.),yestern,yestern, Of or pertaining to yesterday; relating to the day last past.
yesternight,(n.),yesternight,yesternight, The last night; the night last past.
yesternight,(adv.),yesternight,yesternight, On the last night.
yesternoon,(n.),yesternoon,yesternoon, The noon of yesterday; the noon last past.
yesterweek,(n.),yesterweek,yesterweek, The week last past; last week.
yesteryear,(n.),yesteryear,yesteryear, The year last past; last year.
yestreen,(n.),yestreen,yestreen, Yester-evening; yesternight; last night.
yesty,(a.),yesty,yesti, See Yeasty.
yet,(n.),yet,yet," Any one of several species of large marine gastropods belonging to the genus Yetus, or Cymba; a boat shell."
yet,(adv.),yet,yet, In addition; further; besides; over and above; still.
yet,(adv.),yet,yet, At the same time; by continuance from a former state; still.
yet,(adv.),yet,yet," Up to the present time; thus far; hitherto; until now; -- and with the negative, not yet, not up to the present time; not as soon as now; as, Is it time to go? Not yet. See As yet, under As, conj."
yet,(conj.),yet,yet, Before some future time; before the end; eventually; in time.
yet,(conj.),yet,yet, Even; -- used emphatically.
yet,(conj.),yet,yet, Nevertheless; notwithstanding; however.
yeve,(v. i.),yeve,yeve, To give.
yeven,(p. p.),yeven,yeven, Given.
yew,(v. i.),yew,yew, See Yaw.
yew,(n.),yew,yew," An evergreen tree (Taxus baccata of Europe, allied to the pines, but having a peculiar berrylike fruit instead of a cone. It frequently grows in British churchyards."
yew,(n.),yew,yew," The wood of the yew. It is light red in color, compact, fine-grained, and very elastic. It is preferred to all other kinds of wood for bows and whipstocks, the best for these purposes coming from Spain."
yew,(n.),yew,yew," A bow for shooting, made of the yew."
yew,(a.),yew,yew," Of or pertaining to yew trees; made of the wood of a yew tree; as, a yew whipstock."
yewen,(a.),yewen,yewen," Made of yew; as, yewen bows."
yex,(v. i.),yex,yex, To hiccough.
yex,(v. i.),yex,yex, A hiccough.
yezdegerdian,(a.),yezdegerdian,yezdegerdian," Of or pertaining to Yezdegerd, the last Sassanian monarch of Persia, who was overthrown by the Mohammedans; as, the Yezdegerdian era, which began on the 16th of June, a. d. 632. The era is still used by the Parsees."
yezdi,(n.),yezdi,yezdi, Same as Izedi.
yezidee,(n.),yezidee,yezide, Alt. of Yezidi
yezidi,(n.),yezidi,yezidi, Same as Izedi.
yfere,(adv.),yfere,yfere, Together. See Ifere.
ygdrasyl,(n.),ygdrasyl,ygdrasyl, See in the Dictionary of Noted Names in Fiction.
yghe,(n.),yghe,yghe, Eye.
ygo,(p. p.),ygo,ygo, Gone.
yground,(),yground,yground, p. p. of Grind.
yholde,(),yholde,yhold, p. p. of Hold.
yielded,(imp. & p. p.),yielded,yield, of Yield
yold,(obs. p. p.),yold,yold, of Yield
yielding,(p. pr. & vb. n.),yielding,yield, of Yield
yield,(v. t.),yield,yield," To give in return for labor expended; to produce, as payment or interest on what is expended or invested; to pay; as, money at interest yields six or seven per cent."
yield,(v. t.),yield,yield, To furnish; to afford; to render; to give forth.
yield,(v. t.),yield,yield," To give up, as something that is claimed or demanded; to make over to one who has a claim or right; to resign; to surrender; to relinquish; as a city, an opinion, etc."
yield,(v. t.),yield,yield, To admit to be true; to concede; to allow.
yield,(v. t.),yield,yield," To permit; to grant; as, to yield passage."
yield,(v. t.),yield,yield, To give a reward to; to bless.
yield,(v. i.),yield,yield, To give up the contest; to submit; to surrender; to succumb.
yield,(v. i.),yield,yield," To comply with; to assent; as, I yielded to his request."
yield,(v. i.),yield,yield," To give way; to cease opposition; to be no longer a hindrance or an obstacle; as, men readily yield to the current of opinion, or to customs; the door yielded."
yield,(v. i.),yield,yield," To give place, as inferior in rank or excellence; as, they will yield to us in nothing."
yield,(n.),yield,yield, Amount yielded; product; -- applied especially to products resulting from growth or cultivation.
yieldable,(a.),yieldable,yieldabl, Disposed to yield or comply.
yieldance,(n.),yieldance,yieldanc," The act of producing; yield; as, the yieldance of the earth."
yieldance,(n.),yieldance,yieldanc, The act of yielding; concession.
yielder,(n.),yielder,yielder, One who yields.
yielding,(a.),yielding,yield," Inclined to give way, or comply; flexible; compliant; accommodating; as, a yielding temper."
yieldless,(a.),yieldless,yieldless, Without yielding; unyielding.
yift,(n.),yift,yift, Gift.
yin,(n.),yin,yin, A Chinese weight of 2/ pounds.
yis,(adv.),yi,yi, Yes.
yit,(conj.),yit,yit, Yet.
yite,(n.),yite,yite, The European yellow-hammer.
yive,(v. t. & i.),yive,yive, To give.
#NAME?,(),#NAME?,#name?," A suffix used as a characteristic termination of chemical radicals; as in ethyl, carbonyl, hydroxyl, etc."
yle,(n.),yle,yle, Isle.
y level,(),y level,y level," See under Y, n."
yliche,(a. & adv.),yliche,ylich, Alt. of Ylike
ylike,(a. & adv.),ylike,ylike, Like; alike.
yllanraton,(n.),yllanraton,yllanraton, The agouara.
ymaked,(p. p.),ymaked,ymake, Made.
ymel,(prep.),ymel,ymel, Among.
ynambu,(n.),ynambu,ynambu," A South American tinamou (Rhynchotus rufescens; -- called also perdiz grande, and rufous tinamou. See Illust. of Tinamou."
ynough,(a.),ynough,ynough, Alt. of Ynow
ynow,(a.),ynow,ynow, Enough.
yockel,(n.),yockel,yockel, The yaffle.
yode,(imp.),yode,yode, Went; walked; proceeded.
yodeled,(imp. & p. p.),yodeled,yodel, of Yodle
yodled,(),yodled,yodl, of Yodle
yodeling,(p. pr. & vb. n.),yodeling,yodel, of Yodle
yodling,(),yodling,yodl, of Yodle
yodel,(v. t. & i.),yodel,yodel, Alt. of Yodle
yodle,(v. t. & i.),yodle,yodl," To sing in a manner common among the Swiss and Tyrolese mountaineers, by suddenly changing from the head voice, or falsetto, to the chest voice, and the contrary; to warble."
yodel,(n.),yodel,yodel, Alt. of Yodle
yodle,(n.),yodle,yodl," A song sung by yodeling, as by the Swiss mountaineers."
yodler,(n.),yodler,yodler, One who yodels.
yoga,(n.),yoga,yoga," A species of asceticism among the Hindoos, which consists in a complete abstraction from all worldly objects, by which the votary expects to obtain union with the universal spirit, and to acquire superhuman faculties."
yogi,(n.),yogi,yogi, A follower of the yoga philosophy; an ascetic.
yoicks,(interj.),yoicks,yoick, A cry of encouragement to foxhounds.
yoit,(n.),yoit,yoit, The European yellow-hammer.
yojan,(n.),yojan,yojan," A measure of distance, varying from four to ten miles, but usually about five."
yoke,(n.),yoke,yoke, A bar or frame of wood by which two oxen are joined at the heads or necks for working together.
yoke,(n.),yoke,yoke," A frame or piece resembling a yoke, as in use or shape."
yoke,(n.),yoke,yoke," A frame of wood fitted to a person's shoulders for carrying pails, etc., suspended on each side; as, a milkmaid's yoke."
yoke,(n.),yoke,yoke," A frame worn on the neck of an animal, as a cow, a pig, a goose, to prevent passage through a fence."
yoke,(n.),yoke,yoke, A frame or convex piece by which a bell is hung for ringing it. See Illust. of Bell.
yoke,(n.),yoke,yoke, A crosspiece upon the head of a boat's rudder. To its ends lines are attached which lead forward so that the boat can be steered from amidships.
yoke,(n.),yoke,yoke, A bent crosspiece connecting two other parts.
yoke,(n.),yoke,yoke," A tie securing two timbers together, not used for part of a regular truss, but serving a temporary purpose, as to provide against unusual strain."
yoke,(n.),yoke,yoke," A band shaped to fit the shoulders or the hips, and joined to the upper full edge of the waist or the skirt."
yoke,(n.),yoke,yoke, Fig.: That which connects or binds; a chain; a link; a bond connection.
yoke,(n.),yoke,yoke," A mark of servitude; hence, servitude; slavery; bondage; service."
yoke,(n.),yoke,yoke, Two animals yoked together; a couple; a pair that work together.
yoke,(n.),yoke,yoke, The quantity of land plowed in a day by a yoke of oxen.
yoke,(n.),yoke,yoke," A portion of the working day; as, to work two yokes, that is, to work both portions of the day, or morning and afternoon."
yoked,(imp. & p. p.),yoked,yoke, of Yoke
yoking,(p. pr. & vb. n.),yoking,yoke, of Yoke
yoke,(v. t.),yoke,yoke," To put a yoke on; to join in or with a yoke; as, to yoke oxen, or pair of oxen."
yoke,(v. t.),yoke,yoke, To couple; to join with another.
yoke,(v. t.),yoke,yoke, To enslave; to bring into bondage; to restrain; to confine.
yoke,(v. i.),yoke,yoke, To be joined or associated; to be intimately connected; to consort closely; to mate.
yokeage,(n.),yokeage,yokeag, See Rokeage.
yokefellow,(n.),yokefellow,yokefellow," An associate or companion in, or as in; a mate; a fellow; especially, a partner in marriage."
yokel,(n.),yokel,yokel, A country bumpkin.
yokelet,(n.),yokelet,yokelet, A small farm; -- so called as requiring but one yoke of oxen to till it.
yokemate,(n.),yokemate,yokem, Same as Yokefellow.
yoke-toed,(a.),yoke-toed,yoke-to," Having two toes in front and two behind, as the trogons and woodpeckers."
yold,(p. p.),yold,yold, Yielded.
yolden,(p. p.),yolden,yolden, Yielded.
yolk,(n.),yolk,yolk, The yellow part of an egg; the vitellus.
yolk,(n.),yolk,yolk, An oily secretion which naturally covers the wool of sheep.
yoll,(v. i.),yoll,yoll, To yell.
yon,(a.),yon,yon," At a distance, but within view; yonder."
yon,(adv.),yon,yon, Yonder.
yoncopin,(n.),yoncopin,yoncopin, A local name in parts of the Mississippi Valley for the American lotus (Nelumbo lutea.
yond,(a.),yond,yond, Furious; mad; angry; fierce.
yond,(a.),yond,yond, Yonder.
yonder,(adv.),yonder,yonder," At a distance, but within view."
yonder,(a.),yonder,yonder," Being at a distance within view, or conceived of as within view; that or those there; yon."
yoni,(n.),yoni,yoni," The symbol under which Sakti, or the personification of the female power in nature, is worshiped. Cf. Lingam."
yonker,(n.),yonker,yonker, A young fellow; a younker.
yore,(adv.),yore,yore, In time long past; in old time; long since.
yorker,(n.),yorker,yorker, A tice.
yorkshire,(n.),yorkshire,yorkshir, A county in the north of England.
york use,(),york use,york us," The one of the three printed uses of England which was followed in the north. It was based on the Sarum use. See Use, n., 6."
yot,(v. t.),yot,yot, To unite closely.
yote,(v. t.),yote,yote," To pour water on; to soak in, or mix with, water."
you,(dat. & obj.),you,you," The pronoun of the second person, in the nominative, dative, and objective case, indicating the person or persons addressed. See the Note under Ye."
youl,(v. i.),youl,youl, To yell; to yowl.
young,(superl.),young,young," Not long born; still in the first part of life; not yet arrived at adolescence, maturity, or age; not old; juvenile; -- said of animals; as, a young child; a young man; a young fawn."
young,(superl.),young,young," Being in the first part, pr period, of growth; as, a young plant; a young tree."
young,(superl.),young,young, Having little experience; inexperienced; unpracticed; ignorant; weak.
young,(n.),young,young," The offspring of animals, either a single animal or offspring collectively."
youngger,(n.),youngger,youngger, One who is younger; an inferior in age; a junior.
youngish,(a.),youngish,youngish, Somewhat young.
youngling,(n.),youngling,youngl," A young person; a youth; also, any animal in its early life."
youngling,(a.),youngling,youngl, Young; youthful.
youngly,(a.),youngly,youngli, Like a young person or thing; young; youthful.
youngly,(adv.),youngly,youngli, In a young manner; in the period of youth; early in life.
youngly,(adv.),youngly,youngli, Ignorantly; weakly.
youngness,(n.),youngness,young, The quality or state of being young.
youngster,(n.),youngster,youngster, A young person; a youngling; a lad.
youngth,(n.),youngth,youngth, Youth.
youngthly,(a.),youngthly,youngthli," Pertaining to, or resembling, youth; youthful."
younker,(a.),younker,younker, A young person; a stripling; a yonker.
youpon,(n.),youpon,youpon, Same as Yaupon.
your,(pron. & a.),your,your, The form of the possessive case of the personal pronoun you.
yours,(pron.),yours,your, See the Note under Your.
yourselves,(pl. ),yourselves,yourselv, of Yourself
yourself,(pron.),yourself,yourself," An emphasized or reflexive form of the pronoun of the second person; -- used as a subject commonly with you; as, you yourself shall see it; also, alone in the predicate, either in the nominative or objective case; as, you have injured yourself."
youths,(pl. ),youth,youth, of Youth
youth,(pl. ),youth,youth, of Youth
youth,(n.),youth,youth, The quality or state of being young; youthfulness; juvenility.
youth,(n.),youth,youth," The part of life that succeeds to childhood; the period of existence preceding maturity or age; the whole early part of life, from childhood, or, sometimes, from infancy, to manhood."
youth,(n.),youth,youth," A young person; especially, a young man."
youth,(n.),youth,youth," Young persons, collectively."
youthful,(a.),youthful,youth, Not yet mature or aged; young.
youthful,(a.),youthful,youth, Also used figuratively.
youthful,(a.),youthful,youth," Of or pertaining to the early part of life; suitable to early life; as, youthful days; youthful sports."
youthful,(a.),youthful,youth," Fresh; vigorous, as in youth."
youthhood,(n.),youthhood,youthhood, The quality or state of being a youth; the period of youth.
youthly,(a.),youthly,youthli, Young; youthful.
youthsome,(a.),youthsome,youthsom, Youthful.
youthy,(a.),youthy,youthi, Young.
youze,(n.),youze,youz, The cheetah.
yow,(pron.),yow,yow, You.
yowe,(n.),yowe,yow, A ewe.
yowl,(v. i.),yowl,yowl," To utter a loud, long, and mournful cry, as a dog; to howl; to yell."
yowl,(n.),yowl,yowl," A loud, protracted, and mournful cry, as that of a dog; a howl."
yowley,(n.),yowley,yowley, The European yellow-hammer.
yox,(v. i.),yox,yox, See Yex.
ypight,(p. p.),ypight,ypight, See Pight.
ypocras,(n.),ypocras,ypocra, Hippocras.
ypres lace,(),ypres lace,ypres lac," Fine bobbin lace made at Ypres in Belgium, usually exactly like Valenciennes lace."
ypsiliform,(a.),ypsiliform,ypsiliform, Resembling the / in appearance; -- said of the germinal spot in the ripe egg at one of the stages of fecundation.
ypsiloid,(a.),ypsiloid,ypsiloid, In the form of the letter Y; Y-shaped.
yraft,(p. p.),yraft,yraft, Bereft.
yren,(n.),yren,yren, Iron.
yronne,(p. p.),yronne,yronn, Run.
ysame,(adv.),ysame,ysame, Together.
yt,(),yt,yt, Alt. of Yt
yt,(),yt,yt," an old method of printing that (AS. /aet, /aet the ""y"" taking the place of the old letter ""thorn"" (/. Cf. Ye, the."
ythrowe,(),ythrowe,ythrow, p. p. of Throw.
ytterbic,(a.),ytterbic,ytterbic," Pertaining to, or derived from, ytterbium; containing ytterbium."
ytterbium,(n.),ytterbium,ytterbium," A rare element of the boron group, sometimes associated with yttrium or other related elements, as in euxenite and gadolinite. Symbol Yb; provisional atomic weight 173.2. Cf. Yttrium."
yttria,(n.),yttria,yttria," The oxide, Y2O3, or earth, of yttrium."
yttric,(a.),yttric,yttric," Pertaining to, derived from, or containing, yttrium."
yttriferous,(a.),yttriferous,yttrifer," Bearing or containing yttrium or the allied elements; as, gadolinite is one of the yttriferous minerals."
yttrious,(a.),yttrious,yttriou, Same as Yttric.
yttrium,(n.),yttrium,yttrium," A rare metallic element of the boron-aluminium group, found in gadolinite and other rare minerals, and extracted as a dark gray powder. Symbol Y. Atomic weight, 89."
yttro-cerite,(n.),yttro-cerite,yttro-cerit," A mineral of a violet-blue color, inclining to gray and white. It is a hydrous fluoride of cerium, yttrium, and calcium."
yttro-columbite,(n.),yttro-columbite,yttro-columbit, Alt. of Yttro-tantalite
yttro-tantalite,(n.),yttro-tantalite,yttro-tantalit," A tantalate of uranium, yttrium, and calcium, of a brown or black color."
yu,(n.),yu,yu, Jade.
yucca,(n.),yucca,yucca," See Flicker, n., 2."
yucca,(n.),yucca,yucca," A genus of American liliaceous, sometimes arborescent, plants having long, pointed, and often rigid, leaves at the top of a more or less woody stem, and bearing a large panicle of showy white blossoms."
yuck,(v. i.),yuck,yuck, To itch.
yuck,(v. t.),yuck,yuck, To scratch.
yuckel,(n.),yuckel,yuckel, Same as Yockel.
yuen,(n.),yuen,yuen," The crowned gibbon (Hylobates pileatus, native of Siam, Southern China, and the Island of Hainan. It is entirely arboreal in its habits, and has very long arms. the males are dark brown or blackish, with a caplike mass of long dark hair, and usually with a white band around the face. The females are yellowish white, with a dark spot on the breast and another on the crown. Called also wooyen, and wooyen ape."
yufts,(n.),yufts,yuft, Russia leather.
yug,(n.),yug,yug, Alt. of Yuga
yuga,(n.),yuga,yuga," Any one of the four ages, Krita, or Satya, Treta, Dwapara, and Kali, into which the Hindoos divide the duration or existence of the world."
yuke,(v. i. & t.),yuke,yuke, Same as Yuck.
yulan,(n.),yulan,yulan, A species of Magnolia (M. conspicua with large white blossoms that open before the leaves. See the Note under Magnolia.
yule,(n.),yule,yule, Christmas or Christmastide; the feast of the Nativity of our Savior.
yuletide,(n.),yuletide,yuletid, Christmas time; Christmastide; the season of Christmas.
yumas,(n. pl.),yuma,yuma," A tribe of Indians native of Arizona and the adjacent parts of Mexico and California. They are agricultural, and cultivate corn, wheat, barley, melons, etc."
yunx,(n.),yunx,yunx, A genus of birds comprising the wrynecks.
yupon,(n.),yupon,yupon, Same as Yaupon.
yux,(n. & v.),yux,yux," See Yex, n."
yvel,(a. & adv.),yvel,yvel, Evil; ill.
ywar,(a.),ywar,ywar, Aware; wary.
ywis,(adv.),ywis,ywi, Certainly; most likely; truly; probably.
